facilities,address,lat,lon,fac_type
國立政治大學,[116]臺北市文山區指南路二段64號,24.986835,121.57624,學校
國立臺灣大學,[106]臺北市大安區羅斯福路四段1號,25.016832,121.534714,學校
國立臺灣師範大學,[106]臺北市大安區和平東路一段162號,25.025957,121.527535,學校
國立臺北大學,[237]新北市三峽區大學路151號,24.944342,121.372753,學校
國立臺灣科技大學,[106]臺北市大安區基隆路四段43號,25.013237,121.541083,學校
國立臺北科技大學,[106]臺北市大安區忠孝東路三段1號,25.042636,121.535955,學校
國立臺北藝術大學,[112]臺北市北投區學園路1號,25.132181,121.470133,學校
國立臺灣藝術大學,[220]新北市板橋區大觀路一段59號,25.006115,121.447924,學校
國立臺北教育大學,[106]臺北市大安區和平東路二段134號,25.024158,121.544924,學校
國立臺北護理健康大學,[112]臺北市北投區明德路365號,25.117509,121.520649,學校
國立臺北商業大學,[100]臺北市中正區濟南路一段321號,25.041947,121.525532,學校
國立臺灣戲曲學院,[114]臺北市內湖區內湖路二段177號,25.081298,121.58672,學校
輔仁大學,[242]新北市新莊區中正路510號,25.033274,121.434694,學校
東吳大學,[111]臺北市士林區臨溪路70號,25.094673,121.545645,學校
淡江大學,[251]新北市淡水區英專路151號,25.173841,121.447112,學校
中國文化大學,[111]臺北市士林區華岡路55號,25.137008,121.540279,學校
華梵大學,[223]新北市石碇區華梵路1號,24.98002,121.692106,學校
世新大學,[116]臺北市文山區木柵路一段17巷1號,24.989051,121.544846,學校
銘傳大學,[111]臺北市士林區中山北路五段250號,25.086095,121.527579,學校
實踐大學,[104]臺北市中山區大直街70號,25.083664,121.546105,學校
真理大學,[251]新北市淡水區真理街32號,25.176823,121.435003,學校
大同大學,[104]臺北市中山區中山北路三段40號,25.067052,121.521934,學校
臺北醫學大學,[110]臺北市信義區吳興街250號,25.025405,121.561982,學校
明志科技大學,[243]新北市泰山區貴子里工專路84號,25.041619,121.421304,學校
聖約翰科技大學,[251]新北市淡水區淡金路四段499號,25.227351,121.45101,學校
中國科技大學,[116]臺北市文山區興隆路三段56號,24.999007,121.555006,學校
景文科技大學,[231]新北市新店區安忠路99號,24.95178,121.509305,學校
東南科技大學,[222]新北市深坑區北深路三段152號,25.004432,121.604745,學校
德明財經科技大學,[114]臺北市內湖區環山路一段56號,25.086609,121.565207,學校
中華科技大學,[115]臺北市南港區研究院路三段245號,25.03279,121.610226,學校
臺北城市科技大學,[112]臺北市北投區學園路2號,25.133355,121.469137,學校
醒吾科技大學,[244]新北市林口區粉寮路一段101號,25.080808,121.396394,學校
華夏科技大學,[235]新北市中和區工專路111號,24.980905,121.507678,學校
致理科技大學,[220]新北市板橋區文化路一段313號,25.020898,121.464405,學校
康寧大學,[114]臺北市內湖區康寧路三段75巷137號,25.075398,121.60964,學校
宏國德霖科技大學,[236]新北市土城區青雲路380巷1號,24.973439,121.45695,學校
台北海洋科技大學,[251]新北市淡水區濱海路三段150號,25.191353,121.427258,學校
亞東科技大學,[220]新北市板橋區四川路二段58號,24.995115,121.452745,學校
黎明技術學院,[243]新北市泰山區泰林路三段22號,25.066086,121.420117,學校
馬偕醫學院,[252]新北市三芝區中正路三段46號,25.252917,121.496695,學校
法鼓文理學院,[208]新北市金山區西湖里法鼓路700號,25.245423,121.61652,學校
馬偕醫護管理專科學校,[112]臺北市北投區聖景路92號,25.121879,121.46458,學校
耕莘健康管理專科學校,[231]新北市新店區民族路112號,24.977048,121.536648,學校
臺北市立大學,[100]臺北市中正區愛國西路1號,25.036076,121.513669,學校
基督教台灣浸會神學院,[110]臺北市信義區吳興街394巷1號,25.023864,121.566962,學校
臺北基督學院,[251]新北市淡水區自強路51號,25.131283,121.461543,學校
台灣神學研究學院,[111]臺北市士林區仰德大道二段二巷20號,25.10105,121.5414,學校
國立空中大學,[247]新北市蘆洲區中正路172號,25.087135,121.468473,學校
國立臺北科技大學附設進修學院,[106]臺北市大安區忠孝東路三段1號,25.042499,121.534985,學校
國立臺北商業大學附設空中進修學院,[100]臺北市中正區濟南路一段321號,25.042053,121.525546,學校
國立華僑高級中等學校,[220]新北市板橋區大觀路一段32號,25.007643,121.446123,學校
私立淡江高中,[251]新北市淡水區真理街26號,25.17506,121.435831,學校
私立康橋高中,[231]新北市新店區華城路800號,24.911536,121.496625,學校
私立金陵女中,[241]新北市三重區重新路五段656號,25.042908,121.467198,學校
新北市裕德高級中等學校,[236]新北市土城區擺接堡路1號,24.983101,121.439939,學校
財團法人南山高中,[235]新北市中和區廣福路41號,25.001706,121.503754,學校
財團法人恆毅高中,[242]新北市新莊區中正路108號,25.037049,121.453817,學校
私立聖心女中,[249]新北市八里區龍米路一段263號,25.134884,121.44946,學校
私立崇義高中,[221]新北市汐止區大同路三段68號,25.07683,121.669034,學校
新北市福瑞斯特高中,[236]新北市土城區城林路2號,24.975697,121.437466,學校
私立東海高中,[241]新北市三重區忠孝路三段93巷12號,25.064737,121.478635,學校
私立格致高中,[241]新北市三重區大智街260號,25.073638,121.488764,學校
私立醒吾高中,[244]新北市林口區粉寮路一段75巷80號,25.079765,121.395822,學校
私立徐匯高中,[247]新北市蘆洲區中山一路1號,25.080024,121.479583,學校
新北市崇光高中,[231]新北市新店區三民路18號,24.971565,121.538933,學校
私立光仁高中,[220]新北市板橋區中山路二段255巷18號,25.0188,121.475891,學校
私立竹林高中,[235]新北市中和區華新街143巷12號,24.980229,121.505351,學校
私立中信高中,[231]新北市新店區安興路1號,24.966796,121.514985,學校
財團法人辭修高中,[237]新北市三峽區溪東路251號,24.932632,121.408482,學校
新北市林口康橋國際高中,[244]新北市林口區興林路55號,25.074625,121.389882,學校
私立時雨高中,[224]新北市瑞芳區銅山里祈堂路217號,25.109706,121.855285,學校
私立樹人家商,[238]新北市樹林區大安路216號,24.995045,121.419036,學校
私立復興商工,[234]新北市永和區秀朗路一段201號,25.003448,121.51846,學校
私立南強工商,[231]新北市新店區文化路42號,24.980716,121.545574,學校
私立穀保家商,[241]新北市三重區中正北路560巷38號,25.06919,121.47174,學校
私立智光商工,[234]新北市永和區中正路100號,24.99446,121.51436,學校
私立能仁家商,[231]新北市新店區文中路53巷10號,24.958389,121.540932,學校
私立豫章工商,[220]新北市板橋區四川路一段391號,24.997153,121.459061,學校
私立莊敬工家,[231]新北市新店區民生路45號,24.985754,121.532237,學校
私立中華商海,[207]新北市萬里區瑪鋉路15號,25.178032,121.684836,學校
私立光華高商進修學校,[220]新北市板橋區南雅南路二段1號,25.003128,121.454694,學校
市立泰山高中,[243]新北市泰山區辭修路7號,25.056701,121.429409,學校
市立板橋高中,[220]新北市板橋區文化路一段25號,25.012194,121.458414,學校
市立新店高中,[231]新北市新店區中央路93號,24.975455,121.532033,學校
市立中和高中,[235]新北市中和區連城路460號,24.993971,121.478344,學校
市立新莊高中,[242]新北市新莊區中平路135號,25.04865,121.443621,學校
市立新北高中,[241]新北市三重區三信路1號,25.086723,121.489918,學校
市立林口高中,[244]新北市林口區仁愛路二段173號,25.073273,121.380295,學校
市立瑞芳高工,[224]新北市瑞芳區瑞芳街60號,25.111122,121.8036,學校
市立三重商工,[241]新北市三重區中正北路163號,25.069917,121.481557,學校
市立新北高工,[236]新北市土城區學府路一段241號,24.982677,121.450198,學校
市立淡水商工,[251]新北市淡水區商工路307號,25.187416,121.454282,學校
市立海山高中,[220]新北市板橋區漢生東路215號,25.009524,121.471621,學校
市立三重高中,[241]新北市三重區集美街212號,25.054689,121.491438,學校
市立永平高中,[234]新北市永和區永平路205號,25.010504,121.508441,學校
市立樹林高中,[238]新北市樹林區中華路8號,24.983886,121.422063,學校
市立明德高中,[237]新北市三峽區中正路二段399號,24.906571,121.363724,學校
市立秀峰高中,[221]新北市汐止區忠孝東路201號,25.065627,121.660256,學校
市立金山高中,[208]新北市金山區美田里文化二路2號,25.22546,121.636338,學校
市立安康高中,[231]新北市新店區安興路25號,24.969719,121.513972,學校
市立雙溪高中,[227]新北市雙溪區梅竹蹊3號,25.035515,121.862729,學校
市立石碇高中,[223]新北市石碇區隆盛里八分寮45號,25.012741,121.642601,學校
市立丹鳳高中,[242]新北市新莊區龍安路72號,25.020742,121.416256,學校
市立清水高中,[236]新北市土城區明德路一段72號,24.982638,121.465182,學校
市立三民高中,[247]新北市蘆洲區三民路96號,25.086451,121.473033,學校
市立錦和高中,[235]新北市中和區錦和路163號,24.992528,121.491143,學校
市立光復高中,[220]新北市板橋區光環路一段7號,25.016259,121.482736,學校
市立竹圍高中,[251]新北市淡水區竹林路35號,25.14618,121.462839,學校
市立北大高級中學,[237]新北市三峽區大義路277號,24.948238,121.375757,學校
市立豐珠中學,[228]新北市貢寮區雞母嶺街6之6號,25.065979,121.901373,學校
市立鶯歌工商,[239]新北市鶯歌區中正三路154號,24.94009,121.334803,學校
市立樟樹國際實中,[221]新北市汐止區樟樹二路135號,25.065892,121.639461,學校
私立育達高中,[105]臺北市松山區美仁里寧安街12號,25.049817,121.553726,學校
市立西松高中,[105]臺北市松山區鵬程里健康路325巷7號,25.055529,121.566799,學校
市立中崙高中,[105]臺北市松山區吉祥里八德路四段101號,25.049601,121.561687,學校
私立協和祐德高中,[110]臺北市信義區大道里忠孝東路五段790巷27號,25.042244,121.583696,學校
市立松山高中,[110]臺北市信義區新仁里基隆路一段156號,25.043678,121.565293,學校
市立永春高中,[110]臺北市信義區松隆里松山路654號,25.032889,121.578414,學校
市立松山家商,[110]臺北市信義區松隆里松山路655號,25.035651,121.579477,學校
市立松山工農,[110]臺北市信義區廣居里忠孝東路五段236巷15號,25.039834,121.572611,學校
國立師大附中,[106]臺北市大安區和安里信義路三段143號,25.033945,121.540664,學校
私立延平中學,[106]臺北市大安區和安里建國南路1段275號,25.036461,121.539378,學校
私立金甌女中,[106]臺北市大安區光明里杭州南路2段1號,25.034908,121.524297,學校
私立復興實驗高中,[106]臺北市大安區仁愛里敦化南路一段262號,25.039557,121.54821,學校
私立東方工商,[106]臺北市大安區義安里信義路四段186巷8號,25.032272,121.551387,學校
私立喬治工商,[106]臺北市大安區法治里基隆路二段172號,25.026557,121.554772,學校
私立開平餐飲,[106]臺北市大安區龍陣里復興南路二段148巷24號,25.028918,121.542085,學校
市立和平高中,[106]臺北市大安區芳和里臥龍街100號,25.019492,121.549021,學校
市立芳和實中,[106]臺北市大安區芳和里臥龍街170號,25.018511,121.550138,學校
市立大安高工,[106]臺北市大安區龍圖里復興南路2段52號,25.031911,121.542966,學校
私立大同高中,[104]臺北市中山區集英里中山北路三段40號,25.066906,121.521205,學校
私立稻江護家,[104]臺北市中山區新庄里新生北路三段55號,25.065578,121.52861,學校
市立中山女中,[104]臺北市中山區力行里長安東路2段141號,25.048887,121.537342,學校
市立大同高中,[104]臺北市中山區中央里長春路167號,25.054986,121.535108,學校
市立大直高中,[104]臺北市中山區劍潭里北安路420號,25.079085,121.543362,學校
私立強恕中學,[100]臺北市中正區板溪里汀州路二段143號,25.02547,121.520246,學校
臺北市開南高中,[100]臺北市中正區東門里濟南路一段6號,25.042361,121.521825,學校
私立南華高中進修學校,[100]臺北市中正區富水里汀州路3段58號,25.015647,121.53105,學校
市立建國中學,[100]臺北市中正區龍光里南海路56號,25.030611,121.512344,學校
市立成功中學,[100]臺北市中正區幸福里濟南路1段71號,25.042476,121.523631,學校
市立北一女中,[100]臺北市中正區建國里重慶南路1段165號,25.038436,121.513545,學校
私立靜修高中,[103]臺北市大同區雙連里寧夏路59號,25.057904,121.515505,學校
私立稻江高商,[103]臺北市大同區隆和里民權西路225巷24號,25.064338,121.511953,學校
私立志仁中學進修學校,[103]臺北市大同區建泰里南京西路64巷17號,25.052197,121.51878,學校
市立明倫高中,[103]臺北市大同區重慶里承德路三段336號,25.075807,121.518787,學校
市立成淵高中,[103]臺北市大同區民權里承德路二段235號,25.061525,121.519023,學校
市立華江高中,[108]臺北市萬華區日善里西藏路213號,25.028489,121.496439,學校
市立大理高中,[108]臺北市萬華區綠堤里長順街2號,25.030643,121.490845,學校
國立政大附中,[116]臺北市文山區政大里政大一街353號,24.987679,121.585609,學校
私立東山高中,[116]臺北市文山區老泉里老泉街26巷3號,24.973033,121.561652,學校
私立滬江高中,[116]臺北市文山區景美里羅斯福路六段336號,24.989401,121.538873,學校
私立大誠高中,[116]臺北市文山區萬興里秀明路二段175號,24.990972,121.57828,學校
私立再興中學,[116]臺北市文山區明義里興隆路4段2號,24.989918,121.556635,學校
私立景文高中,[116]臺北市文山區木新里保儀路127號,24.985368,121.5674,學校
私立靜心高中,[116]臺北市文山區興福里興隆路二段46號,24.998751,121.546564,學校
市立景美女中,[116]臺北市文山區樟文里木新路三段312號,24.981319,121.556218,學校
市立萬芳高中,[116]臺北市文山區興光里興隆路三段115巷1號,25.00089,121.558908,學校
市立數位實驗高中,[116]臺北市文山區試院路2號,24.987595,121.550046,學校
市立木柵高工,[116]臺北市文山區博嘉里木柵路四段77號,24.996353,121.572047,學校
市立南港高中,[115]臺北市南港區西新里向陽路21號,25.052283,121.594875,學校
市立育成高中,[115]臺北市南港區南港里重陽路366號,25.058687,121.609165,學校
市立南港高工,[115]臺北市南港區南港里興中路29號,25.055824,121.607569,學校
私立文德女中,[114]臺北市內湖區紫陽里成功路3段70號,25.077564,121.589733,學校
私立達人高中,[114]臺北市內湖區湖濱里內湖路二段314號,25.080785,121.58781,學校
市立內湖高中,[114]臺北市內湖區紫陽里文德路218號,25.078143,121.586413,學校
市立麗山高中,[114]臺北市內湖區港華里環山路二段100號,25.084306,121.578112,學校
市立南湖高中,[114]臺北市內湖區南湖里康寧路三段220號,25.066512,121.610493,學校
市立內湖高工,[114]臺北市內湖區港墘里內湖路1段520號,25.079647,121.575021,學校
私立泰北高中,[111]臺北市士林區福林里福林路240號,25.09713,121.534103,學校
私立衛理女中,[111]臺北市士林區臨溪里至善路二段321號,25.102036,121.551654,學校
私立華興中學,[111]臺北市士林區芝山里仰德大道1段101號,25.105746,121.537966,學校
私立華岡藝校,[111]臺北市士林區陽明里建業路73巷8號,25.137222,121.549011,學校
市立陽明高中,[111]臺北市士林區後港里中正路510號,25.092021,121.516835,學校
市立百齡高中,[111]臺北市士林區義信里承德路4段177號,25.087121,121.523263,學校
市立士林高商,[111]臺北市士林區後港里士商路150號,25.094684,121.516318,學校
私立薇閣高中,[112]臺北市北投區中心里珠海路50號,25.139491,121.504491,學校
臺北市幼華高中,[112]臺北市北投區大同里北投路二段55號,25.133741,121.496437,學校
私立奎山實驗高級中學,[112]臺北市北投區榮華里明德路200號,25.112955,121.522059,學校
私立惇敍工商,[112]臺北市北投區泉源里泉源路221號,25.144646,121.527125,學校
市立復興高中,[112]臺北市北投區開明里復興四路70號,25.143726,121.501824,學校
市立中正高中,[112]臺北市北投區建民里文林北路77號,25.10442,121.516626,學校
市立板橋國中,[220]新北市板橋區中正路437號,25.02407,121.453801,學校
市立重慶國中,[220]新北市板橋區國慶路221號,24.998161,121.462669,學校
市立江翠國中,[220]新北市板橋區松江街63號,25.029175,121.468239,學校
市立中山國中,[220]新北市板橋區文化路一段188巷56號,25.017874,121.468014,學校
市立新埔國中,[220]新北市板橋區新海路181號,25.024131,121.459516,學校
市立新莊國中,[242]新北市新莊區中正路211號,25.035772,121.451989,學校
市立新泰國中,[242]新北市新莊區新泰路359號,25.042366,121.44387,學校
市立福營國中,[242]新北市新莊區富國路105號,25.02554,121.422216,學校
市立頭前國中,[242]新北市新莊區中原路2號,25.055327,121.458754,學校
市立光榮國中,[241]新北市三重區介壽路26號,25.070516,121.499425,學校
市立明志國中,[241]新北市三重區中正北路107號,25.063495,121.489035,學校
市立碧華國中,[241]新北市三重區三信路166號,25.087439,121.488961,學校
市立永和國中,[234]新北市永和區國中路111號,25.00595,121.522978,學校
市立福和國中,[234]新北市永和區永利路71號,25.004406,121.520804,學校
市立中和國中,[235]新北市中和區興南路二段3巷17號,24.985671,121.508207,學校
市立積穗國中,[235]新北市中和區民安街66號,25.000639,121.479372,學校
市立漳和國中,[235]新北市中和區廣福路39號,25.002443,121.505903,學校
市立鶯歌國中,[239]新北市鶯歌區尖山埔路108號,24.951012,121.344194,學校
市立柑園國中,[238]新北市樹林區柑園街二段125號,24.954378,121.384143,學校
市立土城國中,[236]新北市土城區永寧路18號,24.962348,121.429813,學校
市立三峽國中,[237]新北市三峽區復興路238號,24.939514,121.37015,學校
市立八里國中,[249]新北市八里區荖阡坑路15號,25.139769,121.400884,學校
市立泰山國中,[243]新北市泰山區泰林路二段498號,25.06515,121.425164,學校
市立五股國中,[248]新北市五股區成泰路二段49巷15號,25.083273,121.435723,學校
市立蘆洲國中,[247]新北市蘆洲區中正路265號,25.08689,121.466138,學校
市立林口國中,[244]新北市林口區民治路25號,25.07724,121.376838,學校
市立汐止國中,[221]新北市汐止區禮門里大同路二段394號,25.066619,121.658626,學校
市立淡水國中,[251]新北市淡水區文化里真理街10號,25.174969,121.43665,學校
市立三芝國中,[252]新北市三芝區淡金路一段38號,25.259371,121.501856,學校
市立石門實驗國中,[253]新北市石門區中央路1之9號,25.29156,121.564392,學校
市立萬里國中,[207]新北市萬里區獅頭路24號,25.17694,121.694869,學校
市立坪林實驗國中,[232]新北市坪林區國中路4號,24.937885,121.711895,學校
市立文山國中,[231]新北市新店區文中路38號,24.956501,121.539074,學校
市立五峰國中,[231]新北市新店區中興路一段253號,24.966992,121.543901,學校
市立瑞芳國中,[224]新北市瑞芳區三爪子坑路1號,25.107039,121.815568,學校
市立欽賢國中,[224]新北市瑞芳區崙頂路3之1號,25.10498,121.845747,學校
市立貢寮實驗國中,[228]新北市貢寮區嵩陽街42號,25.016403,121.907086,學校
市立深坑國中,[222]新北市深坑區文化街41號,25.001432,121.618562,學校
市立平溪國中,[226]新北市平溪區靜安路二段295號,25.024498,121.73326,學校
市立烏來國中(小),[233]新北市烏來區啦卡路5號,24.863278,121.553872,學校
市立溪崑國中,[220]新北市板橋區大觀路三段50巷30號,24.997076,121.431514,學校
市立自強國中,[235]新北市中和區莒光路191號,24.997923,121.473214,學校
市立中正國中,[236]新北市土城區金城路二段247號,24.984018,121.456573,學校
市立義學國中,[243]新北市泰山區民生路33號,25.051339,121.430387,學校
市立中平國中,[242]新北市新莊區中平路385號,25.053685,121.444107,學校
市立鳳鳴國中,[239]新北市鶯歌區永和街33號,24.967508,121.331694,學校
市立三和國中,[241]新北市三重區三和路四段216號,25.075722,121.486414,學校
市立尖山國中,[239]新北市鶯歌區國中街1號,24.94389,121.342464,學校
市立正德國中,[251]新北市淡水區北新路109號,25.178691,121.446989,學校
市立安溪國中,[237]新北市三峽區大同路135號,24.926357,121.373608,學校
市立育林國中,[238]新北市樹林區復興路395號,24.98488,121.415058,學校
市立青山國中(小),[221]新北市汐止區莊敬街33號,25.060614,121.656737,學校
市立崇林國中,[244]新北市林口區文化一路一段20號,25.067304,121.371047,學校
市立二重國中,[241]新北市三重區忠孝路三段89號,25.065743,121.479944,學校
市立大觀國中,[220]新北市板橋區僑中一街1號,25.011066,121.448336,學校
市立三多國中,[238]新北市樹林區三多路101號,25.005803,121.413944,學校
市立忠孝國中,[220]新北市板橋區重慶路168號,25.004646,121.461498,學校
市立鷺江國中,[247]新北市蘆洲區長樂路235號,25.090318,121.461789,學校
市立桃子腳國中(小),[238]新北市樹林區學勤路555號,24.950053,121.382803,學校
市立佳林國中,[244]新北市林口區中山路268號,25.08076,121.38442,學校
市立達觀國中(小),[231]新北市新店區僑信路1號,24.953214,121.500865,學校
市立介壽國中,[105]臺北市松山區介壽里延壽街401號,25.056669,121.556975,學校
市立民生國中,[105]臺北市松山區新東里新東街30巷1號,25.059835,121.567294,學校
市立敦化國中,[105]臺北市松山區南京東路三段300號,25.051143,121.546791,學校
市立興雅國中,[110]臺北市信義區安康里松德路168巷15號,25.03623,121.572285,學校
市立永吉國中,[110]臺北市信義區四育里8鄰松隆路161號,25.04829,121.573799,學校
市立瑠公國中,[110]臺北市信義區中行里福德街221巷15號,25.037177,121.58554,學校
市立信義國中,[110]臺北市信義區三張里松仁路158巷1號,25.02874,121.567934,學校
私立立人國中(小),[106]臺北市大安區通安里安和路二段99號,25.029692,121.551798,學校
市立仁愛國中,[106]臺北市大安區敦安里仁愛路四段130號,25.037299,121.550822,學校
市立大安國中,[106]臺北市大安區龍雲里四維路156號,25.030716,121.547009,學校
市立金華國中,[106]臺北市大安區福住里新生南路二段32號,25.030985,121.532898,學校
市立懷生國中,[106]臺北市大安區義村里忠孝東路三段248巷30號,25.040378,121.541087,學校
市立民族實驗國中,[106]臺北市大安區學府里羅斯福路四段113巷13號,25.011004,121.538827,學校
市立龍門國中,[106]臺北市大安區龍門里建國南路二段269號,25.024721,121.53809,學校
市立長安國中,[104]臺北市中山區興亞里松江路70巷11號,25.049329,121.531842,學校
市立北安國中,[104]臺北市中山區劍潭里明水路325號,25.078,121.541696,學校
市立新興國中,[104]臺北市中山區聚葉里林森北路511號,25.062056,121.525912,學校
市立五常國中,[104]臺北市中山區下埤里復興北路430巷1號,25.063615,121.54344,學校
市立濱江實驗國中,[104]臺北市中山區金泰里樂群二路262號,25.079594,121.560462,學校
市立螢橋國中,[100]臺北市中正區林興里汀州路三段4號,25.018554,121.525554,學校
市立古亭國中,[100]臺北市中正區永功里中華路二段465號,25.024761,121.510594,學校
市立南門國中,[100]臺北市中正區南門里廣州街6號,25.033556,121.509417,學校
市立弘道國中,[100]臺北市中正區建國里公園路21號,25.036975,121.515375,學校
市立建成國中,[103]臺北市大同區建泰里長安西路37之1號,25.051589,121.518813,學校
市立民權國中,[103]臺北市大同區隆和里重慶北路三段1號,25.063532,121.514728,學校
市立蘭州國中,[103]臺北市大同區至聖里大龍街187巷1號,25.069338,121.516742,學校
市立萬華國中,[108]臺北市萬華區日善里西藏路201號,25.028188,121.498828,學校
市立雙園國中,[108]臺北市萬華區和德里興義街2號,25.027601,121.492597,學校
市立龍山國中,[108]臺北市萬華區富福里南寧路46號,25.035919,121.504743,學校
市立木柵國中,[116]臺北市文山區木柵里木柵路三段102巷12號,24.987353,121.566976,學校
市立實踐國中,[116]臺北市文山區樟林里辛亥路七段67號,24.983506,121.554846,學校
市立北政國中,[116]臺北市文山區指南里指南路三段2巷14號,24.984584,121.577692,學校
市立景美國中,[116]臺北市文山區景華里景中街27號,24.993214,121.542944,學校
市立興福國中,[116]臺北市文山區興旺里福興路80號,25.004931,121.54991,學校
市立景興國中,[116]臺北市文山區景華里景興路46巷2號,24.996389,121.544048,學校
市立誠正國中,[115]臺北市南港區新富里富康街1巷24號,25.053923,121.618796,學校
市立成德國中,[115]臺北市南港區成福里東新街108巷23號,25.044691,121.587874,學校
市立內湖國中,[114]臺北市內湖區紫陽里陽光街1號,25.076682,121.588959,學校
市立麗山國中,[114]臺北市內湖區港都里內湖路一段629巷42號,25.081864,121.575248,學校
市立三民國中,[114]臺北市內湖區湖興里民權東路六段45號,25.06982,121.58628,學校
市立西湖實驗國中,[114]臺北市內湖區西湖里環山路一段27號,25.085602,121.56594,學校
市立東湖國中,[114]臺北市內湖區樂康里康樂街131號,25.072436,121.619687,學校
市立明湖國中,[114]臺北市內湖區葫洲里康寧路三段60號,25.070688,121.610595,學校
市立士林國中,[111]臺北市士林區福德里中正路345號,25.092974,121.523397,學校
市立蘭雅國中,[111]臺北市士林區三玉里忠誠路二段51號,25.110585,121.531054,學校
市立至善國中,[111]臺北市士林區臨溪里至善路二段360號,25.103253,121.555676,學校
市立格致國中,[111]臺北市士林區陽明里仰德大道四段75號,25.131325,121.546198,學校
市立福安國中,[111]臺北市士林區福安里延平北路七段250號,25.10348,121.487533,學校
市立天母國中,[111]臺北市士林區三玉里天母東路120號,25.117595,121.538189,學校
市立北投國中,[112]臺北市北投區溫泉里溫泉路62號,25.134477,121.504374,學校
市立新民國中,[112]臺北市北投區林泉里新民路10號,25.138751,121.506398,學校
市立明德國中,[112]臺北市北投區建民里明德路50號,25.10754,121.518416,學校
市立桃源國中,[112]臺北市北投區一德里中央北路四段48號,25.135772,121.476498,學校
市立石牌國中,[112]臺北市北投區吉利里石牌路一段139號,25.115006,121.513593,學校
市立關渡國中,[112]臺北市北投區關渡里知行路212號,25.119901,121.467417,學校
國立華僑高級中等學校附設國中,[220]新北市板橋區大觀路一段32號,25.007773,121.446137,學校
私立淡江高中附設國中,[251]新北市淡水區真理街26號,25.175521,121.435877,學校
私立康橋高中附設國中,[231]新北市新店區華城路800號,24.911025,121.497468,學校
私立金陵女中附設國中,[241]新北市三重區重新路五段656號,25.042766,121.467247,學校
新北市裕德高級中等學校附設國中,[236]新北市土城區擺接堡路1號,24.983067,121.440214,學校
財團法人南山高中附設國中,[235]新北市中和區廣福路41號,25.00133,121.503481,學校
財團法人恆毅高中附設國中,[242]新北市新莊區中正路108號,25.036839,121.454145,學校
私立聖心女中附設國中,[249]新北市八里區龍米路一段263號,25.134722,121.449528,學校
私立崇義高中附設國中,[221]新北市汐止區大同路三段68號,25.077019,121.66942,學校
財團法人福瑞斯特高中附設國中,[236]新北市土城區城林路2號,24.975626,121.437438,學校
私立格致高中附設國中,[241]新北市三重區大智街260號,25.073839,121.488727,學校
私立醒吾高中附設國中,[244]新北市林口區粉寮路一段75巷80號,25.079791,121.395629,學校
私立徐匯高中附設國中,[247]新北市蘆洲區中山一路1號,25.079936,121.479984,學校
財團法人崇光高中附設國中,[231]新北市新店區三民路18號,24.971969,121.539192,學校
私立光仁高中附設國中,[220]新北市板橋區中山路二段255巷18號,25.018526,121.475904,學校
私立竹林高中附設國中,[235]新北市中和區華新街143巷12號,24.979828,121.505436,學校
私立中信高中附設國中,[231]新北市新店區安興路1號,24.966774,121.514641,學校
財團法人辭修高中附設國中,[237]新北市三峽區溪東路251號,24.933112,121.409249,學校
新北市林口康橋國際高中附設國中,[244]新北市林口區興林路55號,25.074357,121.389827,學校
私立時雨高中附設國中,[224]新北市瑞芳區銅山里祈堂路217號,25.109013,121.855886,學校
市立海山高中附設國中,[220]新北市板橋區漢生東路215號,25.010246,121.471158,學校
市立三重高中附設國中,[241]新北市三重區集美街212號,25.055203,121.490703,學校
市立永平高中附設國中,[234]新北市永和區永平路205號,25.010656,121.508266,學校
市立樹林高中附設國中,[238]新北市樹林區中華路8號,24.984206,121.422665,學校
市立明德高中附設國中,[237]新北市三峽區中正路二段399號,24.905473,121.365084,學校
市立秀峰高中附設國中,[221]新北市汐止區忠孝東路201號,25.065613,121.659846,學校
市立金山高中附設國中,[208]新北市金山區美田里文化二路2號,25.224509,121.637555,學校
市立安康高中附設國中,[231]新北市新店區安興路25號,24.970145,121.514499,學校
市立雙溪高中附設國中,[227]新北市雙溪區梅竹蹊3號,25.035367,121.862774,學校
市立石碇高中附設國中,[223]新北市石碇區隆盛里八分寮45號,25.013331,121.64278,學校
市立丹鳳高中附設國中,[242]新北市新莊區龍安路72號,25.020404,121.416125,學校
市立清水高中附設國中,[236]新北市土城區明德路一段72號,24.981914,121.465104,學校
市立三民高中附設國中,[247]新北市蘆洲區三民路96號,25.08632,121.473199,學校
市立錦和高中附設國中,[235]新北市中和區錦和路163號,24.992508,121.491104,學校
市立光復高中附設國中,[220]新北市板橋區光環路一段7號,25.016683,121.482675,學校
市立竹圍高中附設國中,[251]新北市淡水區竹林路35號,25.14602,121.463437,學校
市立北大高級中學附設國中,[237]新北市三峽區大義路277號,24.948041,121.375884,學校
市立樟樹國際實中附設國中,[221]新北市汐止區樟樹二路135號,25.065826,121.639704,學校
私立育達高中附設國中,[105]臺北市松山區美仁里寧安街12號,25.049727,121.553727,學校
市立西松高中附設國中,[105]臺北市松山區鵬程里健康路325巷7號,25.05537,121.566813,學校
市立中崙高中附設國中,[105]臺北市松山區吉祥里八德路四段101號,25.049624,121.562035,學校
國立師大附中附設國中,[106]臺北市大安區和安里信義路3段143號,25.034426,121.541037,學校
私立延平中學附設國中,[106]臺北市大安區和安里建國南路1段275號,25.036337,121.539363,學校
私立復興實驗高中附設國中,[106]臺北市大安區仁愛里敦化南路一段262號,25.039571,121.547521,學校
市立和平高中附設國中,[106]臺北市大安區芳和里臥龍街100號,25.01924,121.548769,學校
市立芳和實驗高中附設國中,[106]臺北市大安區芳和里臥龍街170號,25.018376,121.549765,學校
市立大同高中附設國中,[104]臺北市中山區中央里長春路167號,25.055838,121.534788,學校
市立大直高中附設國中,[104]臺北市中山區劍潭里北安路420號,25.078999,121.543362,學校
私立開南高中附設國中,[100]臺北市中正區東門里濟南路1段6號,25.042385,121.521693,學校
私立靜修高中附設國中,[103]臺北市大同區雙連里寧夏路59號,25.057723,121.515651,學校
市立成淵高中附設國中,[103]臺北市大同區民權里承德路二段235號,25.061342,121.519027,學校
市立大理高中附設國中,[108]臺北市萬華區綠堤里長順街2號,25.030606,121.491485,學校
國立政大附中附設國中,[116]臺北市文山區政大里政大一街353號,24.987394,121.585417,學校
私立東山高中附設國中,[116]臺北市文山區老泉里老泉街26巷3號,24.973054,121.561913,學校
私立再興中學附設國中,[116]臺北市文山區明義里興隆路4段2號,24.990362,121.557116,學校
私立景文高中附設國中,[116]臺北市文山區木新里保儀路127號,24.985458,121.567782,學校
私立靜心高中附設國中,[116]臺北市文山區興福里興隆路二段46號,24.998796,121.546685,學校
市立萬芳高中附設國中,[116]臺北市文山區興光里興隆路三段115巷1號,25.000667,121.559369,學校
市立南港高中附設國中,[115]臺北市南港區西新里向陽路21號,25.052945,121.594687,學校
國立臺灣戲曲學院附設國中,[114]臺北市內湖區湖濱里內湖路二段177號,25.08281,121.585808,學校
私立達人高中附設國中,[114]臺北市內湖區湖濱里內湖路二段314號,25.080739,121.58745,學校
私立泰北高中附設國中,[111]臺北市士林區福林路240號,25.096982,121.53407,學校
私立衛理女中附設國中,[111]臺北市士林區臨溪里至善路二段321號,25.102148,121.551482,學校
私立華興中學附設國中,[111]臺北市士林區芝山里仰德大道1段101號,25.105955,121.538346,學校
市立陽明高中附設國中,[111]臺北市士林區後港里中正路510號,25.091912,121.516845,學校
市立百齡高中附設國中,[111]臺北市士林區義信里承德路4段177號,25.087037,121.523337,學校
私立薇閣高中附設國中,[112]臺北市北投區中心里珠海路50號,25.139402,121.504336,學校
臺北市幼華高中附設國中,[112]臺北市北投區大同里北投路二段55號,25.133781,121.496337,學校
私立奎山實驗高級中學附設國中,[112]臺北市北投區榮華里明德路200號,25.11291,121.52205,學校
私立育才國小,[234]新北市永和區福和路125巷20號,25.007107,121.521769,學校
私立聖心國小,[249]新北市八里區龍米路一段261號,25.134202,121.450342,學校
私立及人國小,[234]新北市永和區文化路172號,25.015802,121.51209,學校
私立竹林國小,[234]新北市永和區竹林路34號,25.014443,121.516976,學校
私立信賢種籽親子實小,[233]新北市烏來區信賢里娃娃谷41號,24.838734,121.528619,學校
市立北大國小,[237]新北市三峽區國光街100號,24.939198,121.372987,學校
市立新林國小,[244]新北市林口區三民路101號,25.069846,121.35966,學校
市立淡海國小,[251]新北市淡水區新市二路二段81號,25.19503,121.429478,學校
市立東湖國小,[244]新北市林口區佳林路200號,25.075934,121.38172,學校
市立板橋國小,[220]新北市板橋區黃石里文化路一段23號,25.012001,121.457526,學校
市立國光國小,[220]新北市板橋區中正路325巷30號,25.018957,121.452678,學校
市立新埔國小,[220]新北市板橋區新翠里陽明街206號,25.02608,121.462716,學校
市立埔墘國小,[220]新北市板橋區永豐街42之8號,25.018596,121.474446,學校
市立莒光國小,[220]新北市板橋區華翠里莒光路163號,25.025028,121.474098,學校
市立後埔國小,[220]新北市板橋區重慶路157號,25.003471,121.463612,學校
市立海山國小,[220]新北市板橋區漢生東路280號,25.009092,121.470102,學校
市立江翠國小,[220]新北市板橋區松翠里文化路二段413號,25.032367,121.473533,學校
市立文聖國小,[220]新北市板橋區文聖街86號,25.029294,121.477394,學校
市立沙崙國小,[220]新北市板橋區篤行路二段132號,24.99,121.430171,學校
市立文德國小,[220]新北市板橋區新翠里英士路179號,25.022927,121.459372,學校
市立樹林國小,[238]新北市樹林區樹西里育英街176號,24.990027,121.417803,學校
市立文林國小,[238]新北市樹林區潭底里千歲街59號,24.99766,121.425855,學校
市立大同國小,[238]新北市樹林區大同里大同街43號,24.981715,121.417565,學校
市立武林國小,[238]新北市樹林區保安街二段151號,25.002203,121.414783,學校
市立山佳國小,[238]新北市樹林區中山路三段5號,24.97532,121.401944,學校
市立育德國小,[238]新北市樹林區中山里佳園路一段34號,24.970951,121.392194,學校
市立柑園國小,[238]新北市樹林區柑園街一段353號,24.95571,121.38991,學校
市立鶯歌國小,[239]新北市鶯歌區同慶里尖山埔路106號,24.951453,121.34602,學校
市立二橋國小,[239]新北市鶯歌區二橋里中正三路106號,24.940717,121.33725,學校
市立中湖國小,[239]新北市鶯歌區中湖里中湖街25號,24.97299,121.347896,學校
市立鳳鳴國小,[239]新北市鶯歌區鳳鳴里永和街120號,24.968713,121.335302,學校
市立三峽國小,[237]新北市三峽區中山路16號,24.934962,121.368714,學校
市立大埔國小,[237]新北市三峽區大埔路130號,24.905329,121.366376,學校
市立民義國小,[237]新北市三峽區嘉添里白雞路40號,24.911404,121.375025,學校
市立成福國小,[237]新北市三峽區溪東里溪東路213號,24.933255,121.405536,學校
市立大成國小,[237]新北市三峽區成福路251巷2號,24.924215,121.427503,學校
市立建安國小,[237]新北市三峽區安坑里建安路67號,24.925948,121.447104,學校
市立插角國小,[237]新北市三峽區插角里插角路39號,24.872445,121.405484,學校
市立有木國小,[237]新北市三峽區有木里131號,24.853524,121.437632,學校
市立五寮國小,[237]新北市三峽區五寮里69號,24.85914,121.360206,學校
市立中和國小,[235]新北市中和區中和路100號,24.999853,121.501177,學校
市立復興國小,[235]新北市中和區復興路301巷6號,24.98949,121.502723,學校
市立興南國小,[235]新北市中和區興南路一段135巷24號,24.986904,121.509519,學校
市立秀山國小,[235]新北市中和區立人街2號,24.994713,121.520743,學校
市立積穗國小,[235]新北市中和區員山路154號,24.999225,121.481593,學校
市立自強國小,[235]新北市中和區莒光路200號,24.998402,121.47123,學校
市立錦和國小,[235]新北市中和區圓通路292號,24.989495,121.489457,學校
市立景新國小,[235]新北市中和區景新街467巷37號,24.989689,121.515639,學校
市立永和國小,[234]新北市永和區秀朗路一段120號,25.002337,121.516361,學校
市立秀朗國小,[234]新北市永和區得和路202號,24.999555,121.521294,學校
市立頂溪國小,[234]新北市永和區文化路133號,25.015481,121.511398,學校
市立網溪國小,[234]新北市永和區竹林路79號,25.013168,121.519752,學校
市立永平國小,[234]新北市永和區保生路25號,25.007509,121.505662,學校
市立土城國小,[236]新北市土城區興城路17號,24.971108,121.442078,學校
市立清水國小,[236]新北市土城區金城路二段356號,24.984651,121.461194,學校
市立頂埔國小,[236]新北市土城區頂福里中央路四段205號,24.955801,121.414355,學校
市立廣福國小,[236]新北市土城區學府路一段127號,24.986623,121.454959,學校
市立汐止國小,[221]新北市汐止區大同路二段313號,25.066915,121.654506,學校
市立長安國小,[221]新北市汐止區長興街一段80號,25.079235,121.671678,學校
市立保長國小,[221]新北市汐止區大同路三段553號,25.071811,121.680105,學校
市立崇德國小,[221]新北市汐止區茄苳里茄苳路158號,25.069446,121.66936,學校
市立北港國小,[221]新北市汐止區汐萬路二段279號,25.089202,121.644803,學校
市立北峰國小,[221]新北市汐止區中興里環河街1號,25.063817,121.632837,學校
市立東山國小,[221]新北市汐止區東山里汐平路二段76號,25.059929,121.699941,學校
市立白雲國小,[221]新北市汐止區福山里民權街二段90號,25.047359,121.61851,學校
市立萬里國小,[207]新北市萬里區瑪鋉路18號,25.176515,121.688855,學校
市立野柳國小,[207]新北市萬里區野柳里港東路167號,25.205683,121.689683,學校
市立大鵬國小,[207]新北市萬里區大鵬里加投路14號,25.208689,121.651093,學校
市立大坪國小,[207]新北市萬里區雙興里大坪路1號,25.16756,121.63851,學校
市立崁腳國小,[207]新北市萬里區崁脚里崁脚路59號,25.160552,121.649611,學校
市立金山國小,[208]新北市金山區中山路234號,25.223551,121.636523,學校
市立中角國小,[208]新北市金山區萬壽里海興路49號,25.239721,121.630102,學校
市立三和國小,[208]新北市金山區重和里11鄰六股林口38號,25.21928,121.602456,學校
市立新店國小,[231]新北市新店區新店路2號,24.953435,121.538757,學校
市立直潭國小,[231]新北市新店區直潭路92號,24.9379,121.531294,學校
市立青潭國小,[231]新北市新店區北宜路二段80號,24.953075,121.552796,學校
市立雙峰國小,[231]新北市新店區北宜路三段66號,24.95118,121.57549,學校
市立大豐國小,[231]新北市新店區民族路108號,24.977564,121.538188,學校
市立中正國小,[231]新北市新店區三民路36號,24.971763,121.536889,學校
市立安坑國小,[231]新北市新店區安忠路36號,24.961264,121.514129,學校
市立雙城國小,[231]新北市新店區安康路三段322號,24.952161,121.486677,學校
市立屈尺國小,[231]新北市新店區屈尺路55號,24.922062,121.546797,學校
市立龜山國小,[231]新北市新店區新烏路三段99巷10號,24.902032,121.553825,學校
市立深坑國小,[222]新北市深坑區深坑里文化街45號,25.001554,121.616964,學校
市立石碇國小,[223]新北市石碇區石碇里石碇西街15號,24.990231,121.65899,學校
市立和平國小,[223]新北市石碇區靜安路一段5號,25.01166,121.641728,學校
市立永定國小,[223]新北市石碇區永定里靜安路一段245號,25.008171,121.688036,學校
市立雲海國小,[223]新北市石碇區北宜路五段坑內巷1號,24.953138,121.637236,學校
市立坪林國小,[232]新北市坪林區坪林里坪林街114號,24.936252,121.710852,學校
市立德拉楠民族實驗小學,[233]新北市烏來區福山里李茂岸56號,24.777032,121.502041,學校
市立瑞芳國小,[224]新北市瑞芳區龍川里中山路2號,25.107539,121.80418,學校
市立義方國小,[224]新北市瑞芳區龍山里逢甲路360號,25.113215,121.801618,學校
市立瑞柑國小,[224]新北市瑞芳區明燈路一段18巷13號,25.109548,121.822978,學校
市立瑞濱國小,[224]新北市瑞芳區瑞濱路34號,25.120452,121.819951,學校
市立九份國小,[224]新北市瑞芳區永慶里崙頂路145號,25.107112,121.843226,學校
市立瓜山國小,[224]新北市瑞芳區石山里五號路306號,25.111082,121.856736,學校
市立濂洞國小,[224]新北市瑞芳區濓洞里洞頂路101巷80號,25.122253,121.860143,學校
市立猴硐-蒙特梭利實小,[224]新北市瑞芳區弓橋里九芎橋路69-1號,25.095697,121.833523,學校
市立瑞亭國小,[224]新北市瑞芳區四腳亭埔路23號,25.102536,121.777146,學校
市立吉慶國小,[224]新北市瑞芳區吉安里大埔路95號,25.099765,121.76341,學校
市立鼻頭國小,[224]新北市瑞芳區鼻頭里鼻頭路99號,25.121242,121.919604,學校
市立雙溪國小,[227]新北市雙溪區共和里東榮街54號,25.033738,121.867033,學校
市立柑林國小,[227]新北市雙溪區長源里柑腳3號,25.015189,121.804501,學校
市立上林國小,[227]新北市雙溪區上林里內平林60號,25.029167,121.832203,學校
市立牡丹國小,[227]新北市雙溪區三貂里政光路3號,25.062296,121.851867,學校
市立貢寮國小,[228]新北市貢寮區雙玉里學苑街7號,25.022031,121.915017,學校
市立福隆國小,[228]新北市貢寮區福隆里東興街35號,25.017588,121.948871,學校
市立澳底國小,[228]新北市貢寮區真理里延平街10號,25.054822,121.924655,學校
市立和美國小,[228]新北市貢寮區和美里龍洞街1之9號,25.112573,121.919554,學校
市立福連國小,[228]新北市貢寮區福連里福連街1號,25.016839,121.988551,學校
市立平溪國小,[226]新北市平溪區平溪街56號,25.027595,121.737295,學校
市立菁桐國小,[226]新北市平溪區菁桐街45號,25.023579,121.727184,學校
市立十分國小,[226]新北市平溪區十分里十分街157號,25.043429,121.777674,學校
市立淡水國小,[251]新北市淡水區協元里中山路160號,25.173951,121.441584,學校
市立育英國小,[251]新北市淡水區埤島里14號,25.197499,121.444829,學校
市立文化國小,[251]新北市淡水區文化里真理街6號,25.174396,121.437613,學校
市立天生國小,[251]新北市淡水區淡海路72巷26號,25.181404,121.424939,學校
市立水源國小,[251]新北市淡水區水源里北新路二段15號,25.186219,121.476466,學校
市立興仁國小,[251]新北市淡水區興仁路101巷10號,25.217551,121.451086,學校
市立忠山實驗小學,[251]新北市淡水區忠山里行忠路899號,25.200461,121.479936,學校
市立屯山國小,[251]新北市淡水區淡金路五段111號,25.237244,121.45596,學校
市立中泰國小,[251]新北市淡水區中和里北勢子5號,25.224156,121.484764,學校
市立坪頂國小,[251]新北市淡水區坪頂路757號,25.158237,121.48418,學校
市立竹圍國小,[251]新北市淡水區中正東路二段145號,25.147706,121.460697,學校
市立石門國小,[253]新北市石門區尖鹿里中央路9號,25.291994,121.567217,學校
市立乾華國小,[253]新北市石門區茂林里茂林社區74號,25.26926,121.592344,學校
市立老梅實驗小學,[253]新北市石門區老梅里老梅路10號,25.289096,121.544814,學校
市立三芝國小,[252]新北市三芝區埔頭里育英街22號,25.257784,121.50167,學校
市立橫山國小,[252]新北市三芝區橫山里86號,25.258753,121.530138,學校
市立興華國小,[252]新北市三芝區興華里田心子5號,25.203706,121.50142,學校
市立新莊國小,[242]新北市新莊區立人里中正路86號,25.037088,121.456388,學校
市立中港國小,[242]新北市新莊區立志里中港一街142號,25.045193,121.447118,學校
市立思賢國小,[242]新北市新莊區自立街229號,25.045822,121.456329,學校
市立頭前國小,[242]新北市新莊區頭前里化成路231號,25.053091,121.46587,學校
市立國泰國小,[242]新北市新莊區中正路386號,25.034213,121.441782,學校
市立豐年國小,[242]新北市新莊區國泰里瓊泰路116號,25.031345,121.443503,學校
市立丹鳳國小,[242]新北市新莊區新北大道七段437號,25.024099,121.414195,學校
市立光華國小,[242]新北市新莊區龍安路452號,25.017931,121.425196,學校
市立民安國小,[242]新北市新莊區民全里民安路261號,25.021927,121.427905,學校
市立昌隆國小,[242]新北市新莊區昌隆街63號,25.051362,121.455264,學校
市立泰山國小,[243]新北市泰山區泰林路二段255號,25.061925,121.431598,學校
市立明志國小,[243]新北市泰山區新生路2號,25.044657,121.426958,學校
市立成州國小,[248]新北市五股區成泰路三段493號,25.099743,121.450504,學校
市立更寮國小,[248]新北市五股區四維路2號,25.069721,121.468085,學校
市立五股國小,[248]新北市五股區五股里成泰路二段49號,25.082655,121.437318,學校
市立蘆洲國小,[247]新北市蘆洲區中正路100號,25.084265,121.470501,學校
市立鷺江國小,[247]新北市蘆洲區民族路7號,25.084346,121.476145,學校
市立八里國小,[249]新北市八里區舊城里中山路二段338號,25.149476,121.403355,學校
市立長坑國小,[249]新北市八里區中華路三段236號,25.125654,121.390383,學校
市立米倉國小,[249]新北市八里區米倉里龍米路2段129巷1號,25.146472,121.445207,學校
市立林口國小,[244]新北市林口區菁湖里林口路76號,25.08049,121.389846,學校
市立南勢國小,[244]新北市林口區南勢五街2號,25.075229,121.35828,學校
市立嘉寶國小,[244]新北市林口區嘉寶里22號,25.108294,121.339362,學校
市立瑞平國小,[244]新北市林口區太平里後坑路34之1號,25.12849,121.349514,學校
市立興福國小,[244]新北市林口區下福里20鄰10-1號,25.112245,121.313152,學校
市立三重國小,[241]新北市三重區三和路三段1號,25.070174,121.498078,學校
市立永福國小,[241]新北市三重區永福里永福街66號,25.077417,121.479998,學校
市立光榮國小,[241]新北市三重區介壽路32號,25.071114,121.501256,學校
市立厚德國小,[241]新北市三重區忠孝路一段70號,25.071692,121.488696,學校
市立碧華國小,[241]新北市三重區五華街160號,25.085478,121.489564,學校
市立三光國小,[241]新北市三重區同安里大同南路157號,25.055921,121.495205,學校
市立光興國小,[241]新北市三重區正義南路62號,25.059039,121.499544,學校
市立正義國小,[241]新北市三重區信義西街31號,25.064769,121.495768,學校
市立修德國小,[241]新北市三重區重陽路三段3號,25.065687,121.48977,學校
市立二重國小,[241]新北市三重區二重里大有街10號,25.065689,121.477974,學校
市立興穀國小,[241]新北市三重區神農街101號,25.050175,121.475361,學校
市立興化國小,[248]新北市新莊區福興里五工二路50巷2號,25.065986,121.462089,學校
市立中山國小,[220]新北市板橋區大觀路二段59巷31號,25.001914,121.447692,學校
市立三多國小,[238]新北市樹林區三福街52號,25.016524,121.406139,學校
市立實踐國小,[220]新北市板橋區實踐路93巷51號,25.005329,121.466579,學校
市立大觀國小,[220]新北市板橋區大觀路一段30號,25.008748,121.449069,學校
市立溪洲國小,[220]新北市板橋區金門街289號,24.987149,121.431055,學校
市立信義國小,[220]新北市板橋區四川路二段245巷60號,24.991819,121.452321,學校
市立重慶國小,[220]新北市板橋區廣和街31號,24.994594,121.462611,學校
市立樂利國小,[236]新北市土城區裕生路65號,24.98539,121.447938,學校
市立安和國小,[236]新北市土城區延和路23號,24.988872,121.464581,學校
市立彭福國小,[238]新北市樹林區忠孝街30號,24.981291,121.423297,學校
市立育林國小,[238]新北市樹林區復興路395號,24.985205,121.415697,學校
市立建國國小,[239]新北市鶯歌區育英街2號,24.954898,121.346489,學校
市立安溪國小,[237]新北市三峽區中華路42號,24.931211,121.372172,學校
市立樟樹國小,[221]新北市汐止區樟樹一路141巷2號,25.067208,121.641757,學校
市立金美國小,[208]新北市金山區忠孝一路111號,25.221123,121.635607,學校
市立新和國小,[231]新北市新店區安和路三段100號,24.984785,121.518321,學校
市立鄧公國小,[251]新北市淡水區學府里學府路99號,25.171301,121.449122,學校
市立新興國小,[251]新北市淡水區新興街123號,25.180237,121.439597,學校
市立重陽國小,[241]新北市三重區中正北路113號,25.066866,121.484038,學校
市立五華國小,[241]新北市三重區集賢路89號,25.086824,121.493121,學校
市立成功國小,[247]新北市蘆洲區長安街311號,25.085625,121.457077,學校
市立仁愛國小,[247]新北市蘆洲區民族路488號,25.091334,121.470449,學校
市立榮富國小,[242]新北市新莊區中和街193號,25.051637,121.447338,學校
市立裕民國小,[242]新北市新莊區裕民街123號,25.021467,121.418358,學校
市立新泰國小,[242]新北市新莊區公園一路91號,25.038128,121.443732,學校
市立中信國小,[242]新北市新莊區中信街168號,25.056157,121.448407,學校
市立德音國小,[248]新北市五股區明德路2號,25.071549,121.434791,學校
市立麗園國小,[244]新北市林口區忠孝路591號,25.068594,121.376161,學校
市立北新國小,[231]新北市新店區寶橋路8號,24.973677,121.543875,學校
市立同榮國小,[243]新北市泰山區公園路33號,25.053954,121.427839,學校
市立光復國小,[235]新北市中和區光環路二段1號,25.015267,121.483651,學校
市立秀峰國小,[221]新北市汐止區仁愛路90號,25.06262,121.661673,學校
市立金龍國小,[221]新北市汐止區明峰街201號,25.068717,121.627223,學校
市立介壽國小,[237]新北市三峽區大同路1號,24.92938,121.378994,學校
市立昌平國小,[242]新北市新莊區昌平街200號,25.056413,121.45545,學校
市立麗林國小,[244]新北市林口區公園路46號,25.068558,121.368325,學校
市立集美國小,[241]新北市三重區集美街10號,25.056329,121.488561,學校
市立永吉國小,[239]新北市鶯歌區德昌二街2號,24.958839,121.332963,學校
市立大崁國小,[249]新北市八里區忠八街2號,25.160288,121.41992,學校
市立中園國小,[237]新北市三峽區弘園街22號,24.928005,121.366463,學校
市立昌福國小,[239]新北市鶯歌區永明街22號,24.955608,121.339201,學校
市立忠義國小,[247]新北市蘆洲區光榮路99號,25.089564,121.463741,學校
市立義學國小,[243]新北市泰山區民生路30號,25.052566,121.4312,學校
市立龍埔國小,[237]新北市三峽區大學路6號,24.941357,121.377892,學校
市立頭湖國小,[244]新北市林口區民權路101號,25.082195,121.372728,學校
市立新市國小,[251]新北市淡水區中山北路二段200號,25.187062,121.445059,學校
市立松山國小,[105]臺北市松山區八德路四段746號,25.051076,121.578852,學校
市立西松國小,[105]臺北市松山區東光里三民路5號,25.052311,121.563262,學校
市立敦化國小,[105]臺北市松山區中正里敦化北路2號,25.049404,121.547818,學校
市立民生國小,[105]臺北市松山區敦化北路199巷18號,25.056434,121.551869,學校
市立民權國小,[105]臺北市松山區民權東路四段200號,25.062372,121.562232,學校
市立民族國小,[105]臺北市松山區民生東路4段97巷7號,25.059295,121.551389,學校
市立三民國小,[105]臺北市松山區莊敬里民權東路五段1號,25.063938,121.564345,學校
市立健康國小,[105]臺北市松山區延壽街168號,25.056622,121.562971,學校
市立興雅國小,[110]臺北市信義區雅祥里基隆路1段83巷9號,25.047003,121.570088,學校
市立三興國小,[110]臺北市信義區景聯里基隆路2段99號,25.029491,121.558333,學校
市立吳興國小,[110]臺北市信義區松仁路226號,25.02602,121.568533,學校
市立福德國小,[110]臺北市信義區中行里褔德街253號,25.038581,121.586862,學校
市立博愛國小,[110]臺北市信義區松仁路22鄰95巷20號,25.036192,121.570848,學校
市立雙永國小,[110]臺北市信義區松山路287巷5號,25.043876,121.579216,學校
國立臺北教大實小,[106]臺北市大安區龍淵里和平東路2段94號,25.02482,121.540629,學校
私立新民小學,[106]臺北市大安區龍坡里辛亥路1段113號,25.022349,121.531805,學校
市立龍安國小,[106]臺北市大安區龍門里新生南路3段33號,25.023803,121.534948,學校
市立大安國小,[106]臺北市大安區芳和里臥龍街129號,25.020243,121.550504,學校
市立幸安國小,[106]臺北市大安區民炤里仁愛路3段22號,25.037461,121.534963,學校
市立金華國小,[106]臺北市大安區永康里愛國東路79巷11號,25.032267,121.527869,學校
市立古亭國小,[106]臺北市大安區古風里羅斯福路3段201號,25.020819,121.528772,學校
市立銘傳國小,[106]臺北市大安區農場里羅斯褔路四段21號,25.013951,121.535729,學校
市立公館國小,[106]臺北市大安區基隆路4段41巷68弄2號,25.012314,121.542965,學校
市立新生國小,[106]臺北市大安區新生南路二段36號,25.029672,121.53332,學校
市立和平實驗國小,[106]臺北市大安區敦南街76巷28號,25.021344,121.546191,學校
市立長春國小,[104]臺北市中山區中央里長春路165號,25.055063,121.53392,學校
市立大直國小,[104]臺北市中山區大直里大直街2號,25.080576,121.546168,學校
市立大佳國小,[104]臺北市中山區大佳里6鄰濱江街107號,25.073303,121.535954,學校
市立五常國小,[104]臺北市中山區下埤里五常街16號,25.06406,121.54223,學校
市立吉林國小,[104]臺北市中山區中原里長春路116號,25.05452,121.529473,學校
市立懷生國小,[104]臺北市中山區埤頭里安東街16巷2號,25.04514,121.541737,學校
市立永安國小,[104]臺北市中山區明水路397巷19弄1號,25.078937,121.549702,學校
市立濱江國小,[104]臺北市中山區樂群二路266巷99號,25.077206,121.561364,學校
市立螢橋國小,[100]臺北市中正區螢雪里詔安街29號,25.025213,121.514262,學校
市立河堤國小,[100]臺北市中正區汀州路二段180號,25.023158,121.522532,學校
市立忠義實驗國小,[100]臺北市中正區中華路二段307巷17號,25.029863,121.506088,學校
市立國語實小,[100]臺北市中正區龍光里南海路58號,25.030734,121.510545,學校
市立南門國小,[100]臺北市中正區南門里廣州街6號,25.035041,121.508947,學校
市立東門國小,[100]臺北市中正區東門里仁愛路一段2-4號,25.038617,121.520741,學校
市立忠孝國小,[100]臺北市中正區梅花里忠孝東路2段101號,25.042978,121.532001,學校
臺北市立大學附小,[100]臺北市中正區建國里公園路29號,25.035653,121.515423,學校
市立蓬萊國小,[103]臺北市大同區星明里寧夏路35號,25.056494,121.515696,學校
市立日新國小,[103]臺北市大同區星明里太原路151號,25.05433,121.516695,學校
市立太平國小,[103]臺北市大同區南芳里延平北路2段239號,25.061378,121.511836,學校
市立永樂國小,[103]臺北市大同區南芳里延平北路2段266號,25.061663,121.511046,學校
市立雙蓮國小,[103]臺北市大同區民權里錦西街51號,25.060481,121.516724,學校
市立大龍國小,[103]臺北市大同區保安里哈密街47號,25.073598,121.517123,學校
市立延平國小,[103]臺北市大同區昌吉街97號,25.06613,121.512313,學校
市立大橋國小,[103]臺北市大同區隆和里重慶北路3段2號,25.064202,121.513079,學校
私立光仁小學,[108]臺北市萬華區壽德里萬大路423巷15號,25.021454,121.499702,學校
市立雙園國小,[108]臺北市萬華區雙園里莒光路315號,25.03079,121.497988,學校
市立東園國小,[108]臺北市萬華區全德里東園街195號,25.023207,121.498056,學校
市立大理國小,[108]臺北市萬華區綠堤里艋舺大道389號,25.031326,121.49283,學校
市立西園國小,[108]臺北市萬華區日善里東園街73巷65號,25.027287,121.49877,學校
市立萬大國小,[108]臺北市萬華區全德里萬大路346號,25.023256,121.499183,學校
市立華江國小,[108]臺北市萬華區環河南路2段250巷42弄2號,25.034064,121.491289,學校
市立西門國小,[108]臺北市萬華區西門里成都路98號,25.042998,121.503593,學校
市立老松國小,[108]臺北市萬華區福音里桂林路64號,25.037881,121.502661,學校
市立龍山國小,[108]臺北市萬華區青山里和平西路三段235號,25.035667,121.496337,學校
市立福星國小,[108]臺北市萬華區福星里中華路一段66號,25.04638,121.508571,學校
國立政大實小,[116]臺北市文山區指南路三段12號,24.984776,121.579844,學校
私立中山小學,[116]臺北市文山區木柵路一段292號,24.988286,121.556371,學校
私立再興小學,[116]臺北市文山區明義里興隆路4段2號,24.989577,121.55791,學校
市立景美國小,[116]臺北市文山區景行里景文街108號,24.9894,121.540617,學校
市立武功國小,[116]臺北市文山區萬祥里興隆路1段68號,25.003623,121.539556,學校
市立興德國小,[116]臺北市文山區興邦里興隆路2段235號,25.002034,121.55083,學校
市立溪口國小,[116]臺北市文山區景慶里景福街225號,24.994187,121.5388,學校
市立興隆國小,[116]臺北市文山區興望里福興路2號,25.002527,121.552003,學校
市立志清國小,[116]臺北市文山區景仁里景福街21巷5號,24.998611,121.538917,學校
市立景興國小,[116]臺北市文山區興安里景華街150巷21號,24.996194,121.548406,學校
市立木柵國小,[116]臺北市文山區木柵里木柵路3段191號,24.990446,121.569948,學校
市立永建國小,[116]臺北市文山區木柵路1段311巷1號,24.988582,121.555104,學校
市立博嘉實驗國小,[116]臺北市文山區木柵路4段159巷14-1號,25.002082,121.57581,學校
市立指南實小,[116]臺北市文山區指南路三段38巷5-2號,24.976178,121.584125,學校
市立明道國小,[116]臺北市文山區明興里木柵路2段138巷61號,24.987423,121.562825,學校
市立萬芳國小,[116]臺北市文山區萬芳里萬和街1號,25.00098,121.567466,學校
市立力行國小,[116]臺北市文山區樟腳里木新路3段155巷7號,24.980792,121.561279,學校
市立萬興國小,[116]臺北市文山區萬興里秀明路2段114號,24.990273,121.576529,學校
市立萬福國小,[116]臺北市文山區羅斯福路5段170巷32號,25.005332,121.536777,學校
市立辛亥國小,[116]臺北市文山區興昌里辛亥路4段103號,25.006273,121.559441,學校
市立南港國小,[115]臺北市南港區三重里惠民街67號,25.058327,121.610455,學校
市立舊莊國小,[115]臺北市南港區舊莊里舊莊街1段100號,25.040124,121.61945,學校
市立玉成國小,[115]臺北市南港區西新里向陽路31號,25.053647,121.594377,學校
市立成德國小,[115]臺北市南港區聯成里東新街65號,25.04711,121.586957,學校
市立胡適國小,[115]臺北市南港區中研里舊莊街1段1號,25.042406,121.617787,學校
市立東新國小,[115]臺北市南港區東新里興南街62號,25.055792,121.603359,學校
市立內湖國小,[114]臺北市內湖區港富里內湖路二段41號,25.079668,121.581005,學校
市立碧湖國小,[114]臺北市內湖區內湖里金龍路100號,25.08499,121.591299,學校
市立潭美國小,[114]臺北市內湖區行善路179號,25.058568,121.581712,學校
市立西湖國小,[114]臺北市內湖區西湖里環山路1段25號,25.083816,121.565899,學校
市立康寧國小,[114]臺北市內湖區清白里星雲街121號,25.080152,121.59485,學校
市立明湖國小,[114]臺北市內湖區東湖里康寧路3段105號,25.071335,121.610795,學校
市立麗山國小,[114]臺北市內湖區港都里港華街100號,25.083506,121.572414,學校
市立新湖國小,[114]臺北市內湖區湖興里民權東路6段138號,25.068413,121.588584,學校
市立文湖國小,[114]臺北市內湖區西康里文湖街15號,25.085946,121.559934,學校
市立大湖國小,[114]臺北市內湖區大湖里大湖山莊街170號,25.087491,121.600984,學校
市立南湖國小,[114]臺北市內湖區葫洲里康寧路3段200號,25.068127,121.611346,學校
市立麗湖國小,[114]臺北市內湖區金湖路363巷8號,25.073051,121.601359,學校
市立士林國小,[111]臺北市士林區福德里大東路165號,25.093627,121.524748,學校
市立士東國小,[111]臺北市士林區蘭雅里中山北路6段392號,25.113068,121.526987,學校
市立福林國小,[111]臺北市士林區福志里福志路75號,25.098624,121.530213,學校
市立陽明山國小,[111]臺北市士林區新安里仰德大道3段61號,25.119579,121.55254,學校
市立社子國小,[111]臺北市士林區永倫里延平北路六段308號,25.090869,121.502725,學校
市立雨聲國小,[111]臺北市士林區岩山里至誠路1段62巷70號,25.103193,121.535324,學校
市立富安國小,[111]臺北市士林區富洲里延平北路8段135號,25.105571,121.482118,學校
市立劍潭國小,[111]臺北市士林區明勝里通河街16號,25.079773,121.522937,學校
市立溪山實驗國小,[111]臺北市士林區溪山里至善路3段199號,25.120038,121.579571,學校
市立平等國小,[111]臺北市士林區平等里平菁街101號,25.129204,121.576542,學校
市立百齡國小,[111]臺北市士林區福中里福港街205號,25.086129,121.518606,學校
市立葫蘆國小,[111]臺北市士林區環河北路3段95號,25.084026,121.507074,學校
市立雨農國小,[111]臺北市士林區名山里忠義街1號,25.105101,121.529845,學校
市立天母國小,[111]臺北市士林區天玉里天玉街12號,25.11998,121.527691,學校
市立文昌國小,[111]臺北市士林區文林路615巷20號,25.099615,121.52146,學校
市立芝山國小,[111]臺北市士林區芝山里德行東路285號,25.110455,121.536442,學校
市立蘭雅國小,[111]臺北市士林區蘭興里磺溪街57號,25.108309,121.52299,學校
市立三玉國小,[111]臺北市士林區三玉里天母東路116號,25.117796,121.53728,學校
私立薇閣小學,[112]臺北市北投區長安里育仁路106號,25.13606,121.500888,學校
市立北投國小,[112]臺北市北投區長安里中央北路1段73號,25.133882,121.500463,學校
市立逸仙國小,[112]臺北市北投區中心里新民路2號,25.138283,121.505148,學校
市立石牌國小,[112]臺北市北投區吉利里致遠二路80號,25.115512,121.511763,學校
市立關渡國小,[112]臺北市北投區一德里中央北路4段581號,25.126808,121.466768,學校
市立湖田實驗國小,[112]臺北市北投區湖田里竹子湖路17之2號,25.168913,121.538936,學校
市立清江國小,[112]臺北市北投區奇岩里公館路220號,25.125908,121.506554,學校
市立泉源實驗國小,[112]臺北市北投區泉源里東昇路34號,25.149441,121.524234,學校
市立大屯國小,[112]臺北市北投區大屯里復興三路312號,25.155171,121.504008,學校
市立湖山國小,[112]臺北市北投區湖山里湖底路11號,25.149938,121.535823,學校
市立桃源國小,[112]臺北市北投區中央北路3段40巷45號,25.139681,121.483666,學校
市立立農國小,[112]臺北市北投區立農里立農街1段250號,25.119356,121.505148,學校
市立明德國小,[112]臺北市北投區榮華里明德路190號,25.112263,121.522224,學校
私立淡江高中附設國小,[251]新北市淡水區真理街26號,25.175467,121.435976,學校
私立康橋高中附設國小,[231]新北市新店區頂城五街80號,24.953938,121.517013,學校
新北市裕德高級中等學校附設國小,[236]新北市土城區擺接堡路1號,24.982873,121.439738,學校
私立福瑞斯特高中附設國小,[236]新北市土城區城林路2號,24.976545,121.437596,學校
新北市林口康橋國際高中附設國小,[244]新北市林口區興林路55號,25.074519,121.389866,學校
私立育達高中附設國小,[105]臺北市松山區美仁里寧安街12號,25.050425,121.555231,學校
私立復興實驗高中附設國小,[106]臺北市大安區敦化南路1段262號,25.039091,121.547538,學校
臺北市靜心高中附設國小,[116]臺北市文山區興隆路二段46號,24.998938,121.547086,學校
國立臺灣戲曲學院附設國小,[114]臺北市內湖區湖濱里內湖路二段177號,25.082778,121.585683,學校
私立泰北高中附設國小,[111]臺北市士林區福林路240號,25.097437,121.534437,學校
私立華興中學附設國小,[111]臺北市士林區芝山里仰德大道1段101號,25.104262,121.539258,學校
臺北市私立奎山實驗高級中學附設國小,[112]臺北市北投區榮華里明德路200號,25.112995,121.522071,學校
市立新北特殊教育學校,[244]新北市林口區文化北路一段425號,25.078442,121.365937,學校
市立啟聰學校,[103]臺北市大同區重慶北路三段320號,25.074815,121.512415,學校
市立文山特殊教育學校,[116]臺北市文山區秀明路一段169號,24.991581,121.567537,學校
市立臺北特殊教育學校,[111]臺北市士林區忠誠路二段207巷3號,25.116869,121.536335,學校
市立啟明學校,[111]臺北市士林區忠誠路二段207巷1號,25.116707,121.535244,學校
捷運_動物園,'11656臺北市文山區新光路2段32號',24.998205,121.579501,捷運站
捷運_木柵,'11656臺北市文山區木柵路4段135號',24.99824,121.573127,捷運站
捷運_萬芳社區,'11653臺北市文山區萬芳路60號',24.99857,121.568088,捷運站
捷運_萬芳醫院,'11696臺北市文山區興隆路3段113號',24.99932,121.558092,捷運站
捷運_辛亥,'11694臺北市文山區辛亥路4段128號',25.005455,121.5570455,捷運站
捷運_麟光,'10676臺北市大安區和平東路3段410號',25.018495,121.5588335,捷運站
捷運_六張犁,'10674臺北市大安區和平東路3段168號',25.02381,121.55302,捷運站
捷運_科技大樓,'10667臺北市大安區復興南路2段235號',25.02612,121.5434615,捷運站
捷運_大安,"'文湖線：10683臺北市大安區信義路4段2號
淡水信義線：10658臺北市大安區信義路3段180號'",25.033311,121.54237,捷運站
捷運_忠孝復興,"'文湖線：10654臺北市大安區忠孝東路3段302號
板南線：10691臺北市大安區忠孝東路4段47號'",25.041749,121.545026,捷運站
捷運_中山國中,'10476臺北市中山區復興北路376號',25.06085,121.544215,捷運站
捷運_松山機場,'10576臺北市松山區敦化北路338號',25.0629075,121.55201,捷運站
捷運_大直,'10465臺北市中山區北安路534之1號',25.07943,121.54679,捷運站
捷運_劍南路,'10464臺北市中山區北安路798號',25.08483,121.5555825,捷運站
捷運_西湖,'11493臺北市內湖區內湖路1段256號',25.08216,121.567227,捷運站
捷運_港墘,'11446臺北市內湖區內湖路1段663號',25.08007,121.57516,捷運站
捷運_文德,'11475臺北市內湖區文德路214號',25.078455,121.5849995,捷運站
捷運_內湖,'11489臺北市內湖區成功路4段186號',25.083675,121.594363,捷運站
捷運_大湖公園,'11477臺北市內湖區成功路5段11號',25.083805,121.602214,捷運站
捷運_葫洲,'11486臺北市內湖區康寧路3段16號',25.07271,121.6071455,捷運站
捷運_東湖,'11486臺北市內湖區康寧路3段235號',25.067455,121.611535,捷運站
捷運_南港軟體園區,'11568臺北市南港區經貿二路183號',25.05992,121.615,捷運站
捷運_南港展覽館,'文湖線：11568臺北市南港區南港路1段32號',25.054919,121.616861,捷運站
捷運_象山,'11080臺北市信義區信義路5段152號B1',25.032395,121.570116,捷運站
捷運_台北101/世貿,'11049臺北市信義區信義路5段20號B1',25.032865,121.563667,捷運站
捷運_信義安和,'10681臺北市大安區信義路4段212之1號B1',25.033015,121.552326,捷運站
捷運_大安森林公園,'10656臺北市大安區信義路3段100號B1 ',25.033225,121.536151,捷運站
捷運_東門,'10650臺北市大安區信義路2段166號B1',25.033894,121.528766,捷運站
捷運_中正紀念堂,'10074臺北市中正區羅斯福路1段8之1號B1  ',25.032767,121.518273,捷運站
捷運_台大醫院,'10048臺北市中正區公園路52號B1',25.041399,121.51602,捷運站
交通樞紐_交通樞紐_台北車站,'10041臺北市中正區忠孝西路1段49號',25.04631,121.517415,交通樞紐
捷運_中山,"'淡水信義線：10444臺北市中山區南京西路16號
松山新店線：10352臺北市大同區南京西路55號'",25.052621,121.520364,捷運站
捷運_雙連,'10354臺北市大同區民生西路47號',25.057575,121.520685,捷運站
捷運_民權西路,'10365臺北市大同區民權西路72號',25.06235,121.519585,捷運站
捷運_圓山,'10367臺北市大同區酒泉街9之1號',25.0714085,121.520074,捷運站
捷運_劍潭,'11163臺北市士林區中山北路5段65號',25.0842015,121.5249545,捷運站
捷運_士林,'11163臺北市士林區福德路1號',25.0934925,121.52623,捷運站
捷運_芝山,'11158臺北市士林區福國路70號',25.102718,121.522546,捷運站
捷運_明德,'11280臺北市北投區明德路95號',25.109815,121.518785,捷運站
捷運_石牌,'11271臺北市北投區石牌路1段200號',25.114455,121.515572,捷運站
捷運_唭哩岸,'11265臺北市北投區東華街2段301號',25.1208515,121.506234,捷運站
捷運_奇岩,'11270臺北市北投區三合街2段489號',25.1254705,121.50114,捷運站
捷運_北投,'11246臺北市北投區光明路1號',25.1318185,121.4986475,捷運站
捷運_新北投,'11268臺北市北投區大業路700號',25.1369315,121.5025955,捷運站
捷運_復興崗,'11257臺北市北投區中央北路3段53巷10號',25.137497,121.485456,捷運站
捷運_忠義,'11257臺北市北投區中央北路4段301號',25.1309225,121.4732975,捷運站
捷運_關渡,'11259臺北市北投區大度路3段296巷51號',25.12551,121.467,捷運站
捷運_竹圍,'25173新北市淡水區民權路50號',25.1369,121.45955,捷運站
捷運_紅樹林,'25173新北市淡水區中正東路2段68號',25.15399,121.4588,捷運站
捷運_淡水,'25158新北市淡水區中正路1號',25.167745,121.445805,捷運站
捷運_新店,'23152新北市新店區北宜路1段2號',24.95761,121.53746,捷運站
捷運_新店區公所,'23147新北市新店區北新路1段295號',24.96744,121.5413,捷運站
捷運_七張,'23143新北市新店區北新路2段150號',24.97545,121.542985,捷運站
捷運_小碧潭,'23150新北市新店區中央路151號4樓',24.97188,121.53058,捷運站
捷運_大坪林,'23143新北市新店區北新路3段190號',24.9827205,121.54134,捷運站
捷運_景美,'11674臺北市文山區羅斯福路6段393號',24.992824,121.5406975,捷運站
捷運_萬隆,'11678臺北市文山區羅斯福路5段214號',25.001978,121.539008,捷運站
捷運_公館,'10091臺北市中正區羅斯福路4段74號B1',25.014781,121.534358,捷運站
捷運_台電大樓,'10089臺北市中正區羅斯福路3段126之5號B1',25.020733,121.5281435,捷運站
捷運_古亭,'10084臺北市中正區羅斯福路2段164之1號B1 ',25.026373,121.522868,捷運站
捷運_小南門,'10066臺北市中正區愛國西路22號B1',25.035585,121.51088,捷運站
捷運_北門,'10341臺北市大同區塔城街10號',25.049554,121.510184,捷運站
捷運_松江南京,'10457臺北市中山區松江路126號B1',25.052693,121.53285,捷運站
捷運_南京復興,'10550臺北市松山區南京東路3段253號',25.052044,121.544303,捷運站
捷運_台北小巨蛋,'10553臺北市松山區南京東路4段10-1號',25.05152,121.552549,捷運站
捷運_南京三民,'10569臺北市松山區南京東路5段237號',25.051588,121.56471,捷運站
交通樞紐_交通樞紐_松山,'10567臺北市松山區八德路4段742號',25.050118,121.577706,交通樞紐
捷運_南勢角,'23566新北市中和區捷運路6號  ',24.990065,121.509237,捷運站
捷運_景安,'23582新北市中和區景平路486號',24.99392,121.505114,捷運站
捷運_永安市場,'23574新北市中和區中和路388號',25.002895,121.511225,捷運站
捷運_頂溪,'23445新北市永和區永和路2段168號B1  ',25.013858,121.515462,捷運站
捷運_行天宮,'10468臺北市中山區松江路316號B1',25.05924,121.53315,捷運站
捷運_中山國小,'10452臺北市中山區民權東路1段71號B1',25.062665,121.526609,捷運站
捷運_大橋頭,'10357臺北市大同區民權西路223號B1',25.06322,121.5130035,捷運站
捷運_台北橋,'24142新北市三重區重新路1段108號B1',25.063075,121.500575,捷運站
捷運_菜寮,'24143新北市三重區重新路3段150號B1 ',25.059451,121.491421,捷運站
捷運_三重,'24161新北市三重區捷運路36號B1 ',25.05571,121.48422,捷運站
捷運_先嗇宮,'24158新北市三重區重新路5段515號B1',25.04632,121.47165,捷運站
捷運_頭前庄,'24251新北市新莊區思源路18號B1',25.039735,121.461655,捷運站
捷運_新莊,'24243新北市新莊區中正路138號B1',25.03608,121.45218,捷運站
捷運_輔大,'24205新北市新莊區中正路510之1號B1',25.03279,121.435735,捷運站
捷運_丹鳳,'24256新北市新莊區中正路624之1號B1',25.029073,121.422422,捷運站
捷運_迴龍,'24257新北市新莊區中正路758號B1',25.022107,121.411757,捷運站
捷運_三重國小,'24149新北市三重區三和路3段5號B1',25.070275,121.49701,捷運站
捷運_三和國中,'24152新北市三重區三和路4段107號B1',25.07646,121.486795,捷運站
捷運_徐匯中學,'24753新北市蘆洲區中山一路3號B1',25.080485,121.479945,捷運站
捷運_三民高中,'24760新北市蘆洲區三民路105號B1',25.085425,121.473365,捷運站
捷運_蘆洲,'24760新北市蘆洲區三民路386號B1',25.09152,121.46471,捷運站
捷運_頂埔,'23671新北市土城區中央路4段51-6號B3',24.96012,121.4205,捷運站
捷運_永寧,'23671新北市土城區中央路3段105號B1',24.96682,121.43613,捷運站
捷運_土城,'23671新北市土城區金城路1段105號B1',24.97313,121.44432,捷運站
捷運_海山,'23660新北市土城區海山路39號B2',24.985305,121.44873,捷運站
捷運_亞東醫院,'22060新北市板橋區南雅南路2段17號B1',24.99828,121.452465,捷運站
捷運_府中,'22055新北市板橋區縣民大道1段193號B1',25.008465,121.459276,捷運站
交通樞紐_板橋,'22041新北市板橋區站前路5號B1',25.013825,121.462305,交通樞紐
捷運_新埔,'22047新北市板橋區民生路3段2號B1',25.02327,121.468055,捷運站
捷運_江子翠,'22044新北市板橋區文化路2段296號B1',25.030265,121.47257,捷運站
捷運_龍山寺,'10855臺北市萬華區西園路1段153號',25.03528,121.500325,捷運站
捷運_西門,'10042臺北市中正區寶慶路32之1號B1  ',25.042025,121.508175,捷運站
捷運_善導寺,'10049臺北市中正區忠孝東路1段58號B1',25.04468,121.523885,捷運站
捷運_忠孝新生,'10652臺北市大安區新生南路1段67號',25.042498,121.53321,捷運站
捷運_忠孝敦化,'10686臺北市大安區忠孝東路4段182號',25.041505,121.55045,捷運站
捷運_國父紀念館,'11072臺北市信義區忠孝東路4段400號',25.04137,121.557815,捷運站
捷運_市政府,'11071臺北市信義區忠孝東路5段2號',25.041135,121.565685,捷運站
捷運_永春,'11061臺北市信義區忠孝東路5段455號',25.040855,121.5762,捷運站
捷運_後山埤,'11575臺北市南港區忠孝東路6段2號',25.044715,121.58227,捷運站
捷運_昆陽,'11558臺北市南港區忠孝東路6段451號',25.0504585,121.5932285,捷運站
交通樞紐_南港,'11561臺北市南港區忠孝東路7段380號',25.052035,121.60697,交通樞紐
國立台灣大學醫學院附設醫院,臺北市中正區中山南路7、8號；常德街1號,25.03553921,121.5183428,醫院
國立臺灣大學醫學院附設醫院兒童醫院,臺北市中正區中山南路8號,25.04434314,121.5187506,醫院
郵政醫院（委託中英醫療社團法人經營）,臺北市中正區福州街14號,25.02874869,121.5186982,醫院
臺北市立聯合醫院,臺北市大同區鄭州路145號,25.05069244,121.5088874,醫院
台灣基督長老教會馬偕醫療財團法人馬偕紀念醫院,臺北市中山區中山北路2段92號,25.05888423,121.522558,醫院
協和婦女醫院,臺北市中山區松江路85巷5號1，2，3，4樓、93巷6號1，2，4樓,25.05027331,121.5339434,醫院
三軍總醫院松山分院附設民眾診療服務處,臺北市松山區健康路131號,25.05394015,121.5577045,醫院
長庚醫療財團法人台北長庚紀念醫院,199號(暫未開放)、197號(暫未開放)、臺北市松山區敦化北路199巷6號、 臺北市松山區民生東路三段130巷9號2、3、B1、B2樓、臺北市松山區南京東路3段337號5、6、9、10樓,25.05023183,121.5485556,醫院
基督復臨安息日會醫療財團法人臺安醫院,臺北市松山區八德路二段424、426號,25.04758836,121.5444842,醫院
博仁綜合醫院,臺北市松山區光復北路66號、68號地下一層、68號、68號2至7樓、68號2樓之1至7樓之1、68號2樓之2至7樓之2,25.04990354,121.557695,醫院
培靈醫院,臺北市松山區八德路四段355號,25.04940059,121.5682821,醫院
國立臺灣大學醫學院附設醫院癌醫中心分院,臺北市大安區基隆路 3段155巷57號 ,25.01449586,121.5439164,醫院
中山醫療社團法人中山醫院,臺北市大安區仁愛路四段112巷11號、臺北市仁愛路四段112巷12號,25.03655173,121.5497106,醫院
國泰醫療財團法人國泰綜合醫院,臺北市大安區仁愛路四段266巷6號，280號,25.03717848,121.5528014,醫院
中心診所醫療財團法人中心綜合醫院,臺北市大安區忠孝東路四段77號,25.04186487,121.5473297,醫院
宏恩醫療財團法人宏恩綜合醫院,臺北市大安區仁愛路四段71巷1號、仁愛路四段61號、仁愛路四段91巷16號,25.03849645,121.5470295,醫院
秀傳醫院,臺北市大安區光復南路116巷1、3、5號1至4樓及地下1樓,25.04311217,121.5568623,醫院
國立臺灣大學醫學院附設醫院北護分院,臺北市萬華區康定路37號、臺北市萬華區內江街87號、臺北市萬華區內江街89號 (文教大樓1樓及供應樓1至2樓)  ,25.04222858,121.5025511,醫院
西園醫療社團法人西園醫院,臺北市萬華區西園路二段266、268、270、272、276號、185、187、189號,25.0277877,121.4945402,醫院
財團法人台灣省私立台北仁濟院附設仁濟醫院,臺北市萬華區廣州街200、243號,25.03642709,121.5042335,醫院
同仁院醫療財團法人萬華醫院,臺北市萬華區中華路二段606巷6號,25.02405006,121.5098259,醫院
臺北醫學大學附設醫院,臺北市信義區吳興街２５2號、250號,25.02663801,121.5636377,醫院
新光醫療財團法人新光吳火獅紀念醫院,臺北市士林區文昌路95號及士商路51號、51號2樓、51號3樓、51號4樓、51號5樓、51號6樓、51號7樓、53號、55號、57號、臺北市士林區基河路252號1樓,25.0962409,121.5202887,醫院
三軍總醫院北投分院附設民眾診療服務處,臺北市北投區新民路60號、中和街250號1至4樓、永興路二段2號1至2樓,25.1398048,121.5097013,醫院
臺北榮民總醫院,臺北市北投區石牌路二段201號、322號,25.11918228,121.5191658,醫院
臺北市立關渡醫院─委託臺北榮民總醫院經營,臺北市北投區知行路225巷12號,25.12018758,121.4663577,醫院
振興醫療財團法人振興醫院,臺北市北投區振興街45號,25.11754255,121.5224005,醫院
醫療財團法人辜公亮基金會和信治癌中心醫院,臺北市北投區立德路125號,25.12834055,121.4720113,醫院
臺北市北投健康管理醫院,臺北市北投區中和街2號,25.13758475,121.5037059,醫院
三軍總醫院附設民眾診療服務處,臺北市內湖區成功路二段325號；臺北市中正區汀州路3段40號,25.07180042,121.5919821,醫院
康寧醫療財團法人康寧醫院,臺北市內湖區成功路五段420巷26號,25.07595162,121.6087792,醫院
中國醫藥大學附設醫院臺北分院,臺北市內湖區內湖路二段360號、362號,25.08212491,121.5905997,醫院
德威國際牙醫口腔醫院,臺北市內湖區內湖路一段659號1樓,25.08056184,121.5751861,醫院
臺北市立萬芳醫院-委託臺北醫學大學辦理,臺北市文山區興隆路三段111號,25.00030628,121.5583303,醫院
景美醫院,臺北市文山區羅斯福路六段280號、文山區育英街2巷18號、文山區羅斯福路六段276巷1號1樓、文山區萬慶街18號1樓,24.99001925,121.5405334,醫院
國立臺灣大學醫學院附設醫院金山分院,新北市金山區五湖里玉爐路7號,25.2194,121.6284,醫院
醫療財團法人徐元智先生醫藥基金會亞東紀念醫院,新北市板橋區南雅南路二段21號及高爾富路300號,24.9973,121.4523,醫院
板橋中興醫院,新北市板橋區忠孝路十五號,25.002,121.4603,醫院
板橋國泰醫院,新北市板橋區忠孝路五、七、九、十一號一至三樓。,25.002,121.4601,醫院
板新醫院,新北市板橋區中正路１８９號,25.0169,121.4564,醫院
中英醫療社團法人板英醫院,新北市板橋區文化路1段267、269、271號1-4樓,25.0185,121.4646,醫院
中英醫療社團法人中英醫院,新北市板橋區文化路一段192之1號1樓、194號1至4樓、196號1至4樓、198號1至4樓、200號1至4樓、202號1至4樓、204號1至4樓,25.0198,121.4662,醫院
蕭中正醫院,新北市板橋區南雅南路一段15號之1、17號、19號(1、2、3、4樓),25.007,121.4565,醫院
國泰醫療財團法人汐止國泰綜合醫院,新北市汐止區建成路59巷2號地下4樓至地上12樓,25.0729,121.6611,醫院
瑞芳礦工醫院,新北市瑞芳區一坑路71之2號,25.1083,121.8026,醫院
佛教慈濟醫療財團法人台北慈濟醫院,新北市新店區建國路277號地上1、3、4樓及289號地下1至3樓至地上1至15樓,24.9841,121.5356,醫院
宏慈療養院,新北市新店區安泰路１５７號,24.9386,121.488,醫院
新北仁康醫院,新北市新店區安康路2段323號地上1至2樓,24.9555,121.4997,醫院
同仁醫院,新北市新店區民權路８９號,24.9828,121.5377,醫院
怡濟慈園醫療社團法人宏濟神經精神科醫院,新北市新店區安忠路57巷5號,24.9589,121.514,醫院
天主教耕莘醫療財團法人耕莘醫院,新北市新店區中正路362號,24.9761,121.5356,醫院
天主教耕莘醫療財團法人永和耕莘醫院,新北市永和區中興街80號地下1樓至地上6樓及國光路123號地下3樓至地上11樓,25.0119,121.5179,醫院
永和復康醫院,新北市永和區中和路575、577、579號1至4樓,25.004,121.512,醫院
衛生福利部雙和醫院(委託臺北醫學大學興建經營),新北市中和區中正路291號醫療大樓地下2層至地上12層,24.9937,121.4941,醫院
怡和醫院,新北市中和區連城路49號1至4樓,25.0019,121.4985,醫院
蕙生醫院,新北市中和區中山路二段551號地下一樓至地上一至六樓,25.0054,121.4809,醫院
中祥醫院,新北市中和區中山路二段138號〈二至四樓〉?140及142號〈一至四樓〉,25.0032,121.5021,醫院
廣川醫院,新北市土城區裕民路２７４．２７６．２７８號,24.9822,121.455,醫院
恩樺醫院,新北市土城區中央路一段7-18號地下1樓、1樓、2樓、4至10樓,24.9911,121.4487,醫院
仁安醫院,新北市土城區中央路1段六二．六四號1-５樓中華路一段一號2-5樓三號1-5樓,24.9895,121.4474,醫院
元復醫院,新北市土城區中央路2段318．320．322．324號1至4樓,24.9728,121.4403,醫院
永聖醫療社團法人文化醫院,新北市三峽區介壽路1段199號,24.9307,121.3782,醫院
清福醫院,新北市三峽區介壽路一段286號2樓,24.929,121.3802,醫院
行天宮醫療志業醫療財團法人恩主公醫院,新北市三峽區復興路399號、中山路198號,24.9384,121.363,醫院
仁愛醫院,新北市樹林區文化街9號(地下1、2樓及地上1樓至8樓),24.9872,121.42,醫院
名恩療養院,新北市鶯歌區鶯桃路二段62號及64號1至4樓,24.9732,121.3249,醫院
新北市立聯合醫院三重院區,新北市三重區新北大道1段3號、3之1號,25.0096,121.4591,醫院
三重中興醫院,新北市三重區中興北街二十一號,25.0465,121.4697,醫院
益民醫院,新北市新莊區中港路127號1-4樓,25.0401,121.4552,醫院
新莊英仁醫院,新北市新莊區大觀街４６－２號,25.0357,121.4538,醫院
財團法人台灣省私立台北仁濟院附設新莊仁濟醫院,新北市新莊區中環路1段28號,25.0267,121.4427,醫院
新仁醫療社團法人新仁醫院,新北市新莊區中正路395號1-5樓、397-3號、397-4號、福海街24巷1號1樓,25.0372,121.44,醫院
衛生福利部樂生療養院,新北市新莊區中正路794號及桃園縣龜山鄉萬壽路1段50巷2號,24.993,121.3011,醫院
大順醫院,新北市新莊區中正路二一五號一至四樓,25.0358,121.4512,醫院
衛生福利部臺北醫院,新北市新莊區思源路127號,25.0432,121.4596,醫院
輔仁大學學校財團法人輔仁大學附設醫院,新北市泰山區貴子路69號(地下4層、地上1至9層及13層),25.0397,121.4308,醫院
衛生福利部八里療養院,新北市八里區華富山33號、土城區青雲路6號1、2樓、蘆洲區光榮路116號1樓,25.1466,121.4124,醫院
台灣基督長老教會馬偕醫療財團法人淡水馬偕紀念醫院,新北市淡水區民生路四十五號、民權路47號B1~10樓,25.1395,121.4605,醫院
北新醫療社團法人北新醫院,新北市淡水區忠寮里演戲埔腳1之2號,25.1931,121.4758,醫院
泓安醫院,新北市淡水區下圭柔山九一巷二號一至四樓．地下一樓,25.2107,121.4377,醫院
台安醫院,新北市三芝區興華里楓子林路四十二之五號、四十二之九號〈一至二樓〉,25.1975,121.4974,醫院
豐榮醫院,新北市新店區安樂街26巷3號(B棟),24.9632,121.5116,醫院
火車站_萬華車站,臺北市萬華區富福里康定路382號,25.0333357392679,121.500175249549,火車站
火車站_福隆站,新北市貢寮區福隆里福隆街2號,25.015911353485,121.94469322256,火車站
火車站_貢寮站,新北市貢寮區貢寮里朝陽街33號,25.022007804183,121.908718250937,火車站
火車站_平溪站,新北市平溪區中華街12號,25.0255673317744,121.740016404317,火車站
火車站_十分站,新北市平溪區十分街51號,25.0410058247647,121.775033088825,火車站
火車站_雙溪站,新北市雙溪區新基里朝陽街1號,25.0385880424092,121.866528528687,火車站
火車站_大華站,新北市平溪區六分路12-1號,25.0498189108332,121.797592185791,火車站
火車站_牡丹站,新北市雙溪區牡丹里16鄰牡丹路159號,25.0587005898164,121.852004422809,火車站
火車站_汐科站,新北市汐止區大同路2段182號,25.0625728838863,121.646687576867,火車站
火車站_汐止站,新北市汐止區信望里信義路1號,25.06854002845,121.662029649424,火車站
火車站_四腳亭站,新北市瑞芳區吉慶里中央路65號,25.1027847822221,121.761919929201,火車站
火車站_五堵站,新北市汐止區長安里長安路17號,25.0778870540899,121.667630048185,火車站
火車站_鶯歌站,新北市鶯歌區東鶯里文化路68-1號,24.9545305593988,121.355189660959,火車站
火車站_山佳站,新北市樹林區中山里中山路3段108號,24.9726808460584,121.392582753513,火車站
火車站_南樹林站,新北市樹林區中山里中山路2段230號,24.980513383445,121.408839513891,火車站
火車站_樹林站,新北市樹林區樹北里鎮前街112號,24.9913073379565,121.424501177924,火車站
火車站_浮洲站,新北市板橋區僑中二街156號,25.0042116463023,121.444659368276,火車站
火車站_望古站,新北市平溪區(無站房),25.0345773643652,121.763806904111,火車站
火車站_三貂嶺站,新北市瑞芳區碩仁里魚寮路1號,25.0655265996531,121.822536764178,火車站
火車站_猴硐站,新北市瑞芳區光復里柴寮路70號,25.0868347109114,121.827496810222,火車站
火車站_瑞芳站,新北市瑞芳區龍潭里明燈路3段82號,25.1086928350474,121.8060923445,火車站
火車站_嶺腳站,新北市平溪區嶺腳街22號,25.030151587674,121.74799526881,火車站
火車站_菁桐站,新北市平溪區菁桐街52號,25.0240821609013,121.723834729408,火車站
火車站_八斗子站,基隆市中正區/新北市瑞芳區交界處(無站房),25.1353260948186,121.802887407982,火車站
